frase,situacao
Sinto uma dor forte no peito e muita falta de ar desde esta manhã.,alto risco
Estou com aperto intenso no peito e suor frio há cerca de uma hora.,alto risco
Tive dor no peito que irradiou para o braço esquerdo e fiquei enjoado.,alto risco
Meu coração está muito acelerado e estou com tontura e sensação de desmaio.,alto risco
Desmaiei hoje depois de sentir palpitações fortes e falta de ar.,alto risco
Estou com dificuldade para respirar mesmo parado e sinto pressão no peito.,alto risco
Acordei de madrugada com falta de ar intensa e dor no peito.,alto risco
Tenho dor súbita no peito acompanhada de suor frio e fraqueza.,alto risco
"Sinto batimentos irregulares, tontura forte e quase desmaiei.",alto risco
Minha dor no peito piorou rapidamente e agora estou muito ofegante.,alto risco
Estou com sensação de esmagamento no peito e náusea.,alto risco
Tenho falta de ar intensa e meus lábios ficaram arroxeados.,alto risco
Comecei a sentir dor forte no peito durante o exercício e ela não passou com repouso.,alto risco
"Estou com palpitações muito fortes, visão escura e fraqueza súbita.",alto risco
"Sinto dor no peito, falta de ar e suor frio ao mesmo tempo.",alto risco
Tive um episódio de desmaio acompanhado de dor no peito.,alto risco
Estou com dor torácica intensa que se espalha para mandíbula e ombro.,alto risco
Minha respiração ficou muito difícil e sinto o coração disparado.,alto risco
Tenho pressão no peito há 30 minutos e estou muito pálido.,alto risco
Senti uma dor repentina no peito seguida de tontura e suor excessivo.,alto risco
Estou com falta de ar importante e inchaço repentino nas pernas.,alto risco
Tenho dor no peito forte ao respirar e sensação de desmaio.,alto risco
Meu coração está batendo irregularmente e estou com dor no peito.,alto risco
Sinto uma pressão muito forte no tórax e fraqueza intensa.,alto risco
Estou ofegante mesmo sentado e com dor no peito persistente.,alto risco
Minha frequência cardíaca está muito alta e estou quase desmaiando.,alto risco
Tenho dor torácica contínua há mais de vinte minutos e suor frio.,alto risco
Comecei a sentir falta de ar severa e uma dor que vai para o braço esquerdo.,alto risco
Estou com dor no peito e uma sensação intensa de morte iminente.,alto risco
"Após subir poucos degraus tive dor forte no peito, falta de ar e tontura.",alto risco
Tive palpitações repentinas com desmaio e dificuldade para respirar.,alto risco
Estou com dor intensa no centro do peito e náusea há quarenta minutos.,alto risco
Minha falta de ar começou de repente e veio acompanhada de dor torácica.,alto risco
"Tenho dor no peito em repouso e suor frio, algo que nunca senti antes.",alto risco
"Estou com batimentos muito rápidos, pressão no peito e visão turva.",alto risco
"Tenho fraqueza súbita, falta de ar e dor no peito irradiando para as costas.",alto risco
Minha dor no peito está ficando mais forte e não melhora ao descansar.,alto risco
"Estou com falta de ar intensa, confusão e palpitações.",alto risco
Senti uma pressão forte no peito enquanto dirigia e comecei a suar frio.,alto risco
Tive dor no peito e perdi a consciência por alguns segundos.,alto risco
"Sinto um leve cansaço depois de caminhar, mas melhora quando descanso.",baixo risco
Tenho um pequeno incômodo nas costas desde ontem após carregar peso.,baixo risco
Estou com dor muscular leve no peito depois de treinar na academia.,baixo risco
"Percebo palpitações rápidas por poucos segundos quando fico ansioso, sem tontura.",baixo risco
Tenho uma azia leve depois das refeições e melhora com repouso.,baixo risco
"Sinto cansaço no fim do dia, mas consigo fazer minhas atividades normalmente.",baixo risco
Estou com um desconforto leve no ombro após dormir em posição ruim.,baixo risco
Tenho dor de cabeça leve desde a tarde e nenhum outro sintoma.,baixo risco
Senti uma pontada rápida no peito que durou poucos segundos e passou.,baixo risco
Estou um pouco cansado depois de uma noite mal dormida.,baixo risco
Tenho falta de ar leve somente depois de corrida intensa e recupero rápido.,baixo risco
"Sinto uma pressão leve no peito quando fico muito ansioso, mas passa em minutos.",baixo risco
Estou com dor leve nas costas há dois dias sem piora.,baixo risco
"Tenho palpitações ocasionais depois de tomar muito café, sem outros sintomas.",baixo risco
Sinto um desconforto muscular no tórax ao movimentar o braço.,baixo risco
Estou com cansaço leve por causa de uma semana de trabalho intenso.,baixo risco
Tenho uma dor pequena no pescoço depois de ficar horas no computador.,baixo risco
Sinto uma pontada superficial no peito quando aperto a região.,baixo risco
"Estou com respiração um pouco acelerada depois de subir escadas, mas melhora logo.",baixo risco
Tenho uma sensação leve de estômago cheio e queimação após comer.,baixo risco
"Sinto palpitações leves antes de apresentações, sem falta de ar.",baixo risco
Estou com dor muscular leve depois de uma aula de musculação.,baixo risco
Tenho um incômodo discreto no peito que aparece ao mexer o tronco.,baixo risco
"Sinto um pouco de tontura quando levanto muito rápido, mas passa imediatamente.",baixo risco
"Estou cansado após uma viagem longa, sem dor no peito nem falta de ar.",baixo risco
Tenho uma dor leve no braço depois de jogar tênis.,baixo risco
Senti uma pontada rápida no lado esquerdo do peito e ela já passou.,baixo risco
Estou com tensão nos ombros e pescoço após muitas horas sentado.,baixo risco
"Tenho cansaço leve depois do almoço, sem outros sintomas.",baixo risco
"Sinto uma leve falta de ar quando corro, compatível com esforço físico.",baixo risco
Tenho desconforto no tórax ao tossir por causa de um resfriado.,baixo risco
Estou com dor leve na região das costelas após uma pancada pequena.,baixo risco
"Percebo o coração um pouco acelerado após energético, mas normaliza rapidamente.",baixo risco
Sinto um desconforto leve no peito que melhora quando mudo de posição.,baixo risco
Estou com fadiga discreta depois de dormir poucas horas.,baixo risco
Tenho uma leve dor no ombro que começou depois de carregar mochila pesada.,baixo risco
"Sinto uma pontada no peito ao fazer movimento brusco, sem outros sintomas.",baixo risco
"Estou com ansiedade leve e respiração rápida, mas consigo falar normalmente.",baixo risco
Tenho cansaço leve ao final do expediente e melhoro após descansar.,baixo risco
Senti palpitações breves após café forte e elas desapareceram sozinhas.,baixo risco
